,ReferenceCount,AuthorCount,FundingAgencyCount
PC1,0.1516885562494512,0.6980840401164035,0.6997637135760298
PC2,0.9882981747301159,-0.11860589603015034,-0.09591329027828106
